ID,Queue,Type,Bias,BiasMin,BiasMax,Load,LoadMin,LoadMax
Queue_1.A,Queue_1,A,3.7799717649875353,0.0,4.0,0.19999999704339033,-0.2,0.2
Queue_1.B,Queue_1,B,1.3671670050646259,0.0,4.0,-0.2,-0.2,0.2
Queue_2.A,Queue_2,A,0.8918796909540203,0.0,4.0,0.19999999998924578,-0.2,0.2
Queue_2.B,Queue_2,B,2.9903100685169157,0.0,4.0,-0.1999999990786176,-0.2,0.2
Queue_3.A,Queue_3,A,0.09996874114903026,0.0,4.0,-0.19999999999990967,-0.2,0.2
Queue_3.B,Queue_3,B,2.9083708536037034,0.0,4.0,0.19937446946548704,-0.2,0.2
